,yearstart,yearend,locationabbr,topic,question,datavaluetype,datavalue,stratificationcategory1,stratification1
574690,11.0,10.0,3.0,6.0,152.0,7.0,10.3,1.0,9.0
397261,8.0,7.0,22.0,4.0,72.0,12.0,3988.0,1.0,9.0
921613,10.0,9.0,32.0,11.0,59.0,7.0,24.4,2.0,3.0
354896,5.0,4.0,45.0,4.0,109.0,3.0,101.3,1.0,9.0
146786,4.0,7.0,27.0,3.0,24.0,5.0,45.7,2.0,10.0
117881,3.0,6.0,26.0,3.0,26.0,5.0,27.8,0.0,4.0
420994,10.0,9.0,29.0,7.0,115.0,12.0,,2.0,5.0
324220,11.0,10.0,29.0,4.0,112.0,8.0,256.0,1.0,9.0
617878,7.0,6.0,7.0,0.0,19.0,1.0,3.7,2.0,10.0
95234,0.0,3.0,16.0,3.0,85.0,6.0,20.0,2.0,0.0
622146,13.0,12.0,7.0,2.0,78.0,7.0,,2.0,7.0
1113460,5.0,4.0,48.0,11.0,117.0,2.0,25.3,1.0,9.0
790415,3.0,2.0,21.0,6.0,153.0,2.0,,2.0,8.0
398765,10.0,9.0,21.0,4.0,72.0,12.0,42.0,2.0,0.0
1039587,7.0,6.0,42.0,4.0,131.0,7.0,50.7,2.0,10.0
660872,13.0,12.0,11.0,14.0,52.0,7.0,,2.0,3.0
286821,9.0,8.0,50.0,6.0,69.0,3.0,6.3,2.0,10.0
131758,1.0,4.0,15.0,3.0,27.0,6.0,,2.0,1.0
276880,3.0,2.0,1.0,6.0,69.0,12.0,,2.0,5.0
186252,5.0,8.0,16.0,3.0,29.0,5.0,39.2,2.0,3.0
878780,12.0,11.0,28.0,2.0,83.0,2.0,,2.0,3.0
1084331,6.0,5.0,46.0,11.0,117.0,2.0,20.7,0.0,6.0
406105,4.0,3.0,47.0,7.0,107.0,3.0,50.8,2.0,10.0
504328,12.0,11.0,8.0,14.0,143.0,8.0,756.9,1.0,9.0
30829,6.0,5.0,6.0,2.0,74.0,8.0,,2.0,5.0
189884,0.0,3.0,51.0,3.0,91.0,4.0,30.5,0.0,6.0
882693,8.0,7.0,29.0,7.0,79.0,7.0,56.3,2.0,10.0
356649,4.0,3.0,44.0,4.0,109.0,8.0,30.7,2.0,1.0
604433,11.0,10.0,6.0,2.0,132.0,7.0,,2.0,8.0
444075,6.0,5.0,32.0,7.0,73.0,3.0,179.29,0.0,4.0
887505,7.0,6.0,28.0,16.0,41.0,7.0,,2.0,8.0
825920,6.0,5.0,25.0,1.0,10.0,2.0,25.7,1.0,9.0
800835,7.0,6.0,23.0,2.0,78.0,2.0,,2.0,8.0
910306,11.0,10.0,31.0,11.0,105.0,2.0,27.5,0.0,6.0
247833,10.0,9.0,41.0,6.0,114.0,3.0,,2.0,0.0
482471,3.0,2.0,54.0,12.0,71.0,3.0,,2.0,0.0
738549,12.0,11.0,16.0,13.0,178.0,7.0,34.4,2.0,10.0
1025231,10.0,9.0,41.0,1.0,12.0,7.0,34.3,2.0,5.0
894180,10.0,9.0,30.0,2.0,15.0,7.0,13.1,2.0,10.0
1126734,12.0,11.0,49.0,4.0,82.0,2.0,,0.0,6.0
487363,8.0,7.0,51.0,12.0,71.0,12.0,47.0,2.0,3.0
616049,9.0,8.0,7.0,7.0,158.0,7.0,,2.0,7.0
860854,7.0,6.0,27.0,4.0,182.0,7.0,,2.0,7.0
175958,6.0,9.0,37.0,3.0,28.0,6.0,2591.0,2.0,10.0
70641,1.0,4.0,14.0,3.0,90.0,5.0,148.1,2.0,10.0
26607,13.0,12.0,37.0,1.0,1.0,2.0,,2.0,5.0
1095482,8.0,7.0,47.0,7.0,79.0,7.0,,2.0,5.0
1125939,10.0,9.0,50.0,0.0,20.0,1.0,7.4,1.0,9.0
108797,6.0,9.0,35.0,3.0,86.0,5.0,81.0,2.0,5.0
575084,11.0,10.0,4.0,1.0,177.0,2.0,31.6,1.0,9.0
53746,0.0,3.0,2.0,3.0,89.0,4.0,6.4,0.0,4.0
1015016,9.0,8.0,40.0,14.0,40.0,2.0,3.9,0.0,4.0
803018,4.0,3.0,22.0,11.0,123.0,2.0,63.5,1.0,9.0
1133532,6.0,5.0,50.0,16.0,41.0,2.0,5.8,0.0,6.0
1047951,4.0,3.0,42.0,1.0,51.0,7.0,38.1,0.0,6.0
477073,8.0,7.0,45.0,12.0,71.0,12.0,940.0,2.0,3.0
741653,3.0,2.0,17.0,1.0,1.0,2.0,,2.0,7.0
266410,9.0,8.0,21.0,6.0,68.0,12.0,7358.0,0.0,4.0
1088965,10.0,9.0,45.0,13.0,118.0,7.0,68.0,0.0,6.0
229036,11.0,10.0,52.0,5.0,116.0,3.0,126.0,2.0,3.0
968145,11.0,10.0,35.0,14.0,40.0,7.0,15.9,2.0,8.0
736643,8.0,7.0,17.0,10.0,169.0,1.0,3.6,2.0,3.0
377595,8.0,7.0,32.0,4.0,70.0,8.0,23.04,0.0,6.0
382467,11.0,10.0,27.0,4.0,70.0,12.0,848.0,0.0,4.0
113749,6.0,9.0,26.0,3.0,88.0,5.0,31.3,2.0,5.0
320908,6.0,5.0,54.0,4.0,112.0,8.0,232.9,0.0,6.0
976978,6.0,5.0,36.0,16.0,37.0,7.0,24.7,2.0,10.0
280386,8.0,7.0,27.0,6.0,67.0,3.0,54.14,0.0,4.0
813499,9.0,8.0,23.0,11.0,105.0,7.0,17.2,0.0,4.0
406459,6.0,5.0,14.0,7.0,107.0,3.0,76.4,2.0,5.0
185354,4.0,7.0,19.0,3.0,28.0,5.0,65.6,0.0,4.0
100610,0.0,3.0,15.0,3.0,85.0,4.0,555.4,0.0,6.0
205244,4.0,7.0,5.0,3.0,106.0,6.0,,2.0,0.0
222306,9.0,8.0,30.0,5.0,116.0,8.0,82.9,1.0,9.0
788234,13.0,12.0,22.0,11.0,117.0,7.0,26.9,2.0,7.0
692512,9.0,8.0,13.0,6.0,154.0,2.0,43.4,0.0,4.0
951479,3.0,2.0,34.0,6.0,148.0,7.0,64.7,1.0,9.0
166163,0.0,3.0,39.0,3.0,25.0,4.0,10.5,2.0,5.0
1097292,4.0,3.0,48.0,2.0,137.0,7.0,,2.0,5.0
179605,1.0,4.0,33.0,3.0,28.0,6.0,976.0,1.0,9.0
59798,3.0,6.0,33.0,3.0,89.0,6.0,,2.0,1.0
227204,3.0,2.0,35.0,5.0,116.0,8.0,27.2,2.0,5.0
245789,8.0,7.0,29.0,6.0,114.0,8.0,,2.0,3.0
922435,6.0,5.0,33.0,1.0,129.0,7.0,30.7,2.0,5.0
530663,9.0,8.0,0.0,7.0,138.0,2.0,75.7,2.0,10.0
728595,9.0,8.0,16.0,2.0,83.0,2.0,,2.0,5.0
81309,5.0,8.0,48.0,3.0,90.0,4.0,28.6,2.0,3.0
554000,4.0,3.0,1.0,0.0,61.0,7.0,,2.0,8.0
65097,4.0,7.0,45.0,3.0,30.0,4.0,2.6,1.0,9.0
594443,7.0,6.0,4.0,7.0,46.0,2.0,67.4,0.0,4.0
787140,9.0,8.0,21.0,2.0,132.0,2.0,,2.0,5.0
729727,11.0,10.0,16.0,14.0,170.0,1.0,4.9,2.0,8.0
377592,3.0,2.0,45.0,4.0,70.0,8.0,17.85,1.0,9.0
663611,4.0,3.0,11.0,6.0,134.0,2.0,42.9,1.0,9.0
961751,5.0,4.0,36.0,0.0,20.0,10.0,7.9,2.0,10.0
961099,8.0,7.0,36.0,7.0,133.0,2.0,56.2,2.0,3.0
966547,13.0,12.0,36.0,7.0,2.0,2.0,,2.0,7.0
267545,10.0,9.0,28.0,6.0,69.0,3.0,4.93,2.0,5.0
430358,11.0,10.0,41.0,7.0,115.0,12.0,,2.0,0.0
632806,4.0,3.0,7.0,16.0,135.0,2.0,,0.0,6.0
275285,12.0,11.0,17.0,6.0,69.0,8.0,,2.0,0.0
119161,0.0,3.0,51.0,3.0,26.0,5.0,3.9,2.0,5.0
396804,6.0,5.0,48.0,4.0,70.0,12.0,54.0,2.0,5.0
1004483,4.0,3.0,39.0,16.0,135.0,7.0,,2.0,7.0
572762,10.0,9.0,4.0,0.0,61.0,7.0,4.9,2.0,5.0
743904,12.0,11.0,17.0,14.0,39.0,7.0,81.7,2.0,7.0
34624,7.0,6.0,42.0,2.0,74.0,12.0,1606.0,2.0,10.0
151920,2.0,5.0,34.0,3.0,24.0,4.0,33.7,2.0,5.0
636297,8.0,7.0,8.0,16.0,41.0,2.0,3.5,0.0,6.0
915204,8.0,7.0,31.0,2.0,137.0,2.0,90.7,0.0,4.0
554568,7.0,6.0,1.0,4.0,82.0,7.0,65.9,0.0,6.0
696734,5.0,4.0,14.0,1.0,0.0,7.0,51.5,2.0,10.0
1173659,3.0,2.0,54.0,14.0,168.0,1.0,,2.0,3.0
7564,3.0,2.0,38.0,0.0,33.0,3.0,,2.0,3.0
1131305,10.0,9.0,51.0,1.0,10.0,7.0,28.2,0.0,4.0
272176,4.0,3.0,30.0,6.0,69.0,3.0,,2.0,1.0
1032957,5.0,4.0,41.0,16.0,130.0,7.0,,2.0,3.0
1077318,3.0,2.0,45.0,14.0,52.0,2.0,,2.0,5.0
599669,10.0,9.0,6.0,1.0,10.0,7.0,27.3,2.0,7.0
1159315,10.0,9.0,53.0,4.0,82.0,2.0,,2.0,3.0
49604,6.0,5.0,54.0,2.0,14.0,3.0,,2.0,5.0
156344,5.0,8.0,34.0,3.0,24.0,6.0,12.0,2.0,0.0
386009,5.0,4.0,27.0,4.0,70.0,8.0,8.22,0.0,4.0
589239,3.0,2.0,4.0,7.0,158.0,2.0,,2.0,7.0
682253,13.0,12.0,13.0,2.0,78.0,7.0,,2.0,5.0
52135,7.0,10.0,50.0,3.0,89.0,5.0,,2.0,1.0
16470,2.0,1.0,19.0,2.0,48.0,12.0,,0.0,4.0
622254,7.0,6.0,7.0,7.0,46.0,7.0,80.2,0.0,4.0
263248,2.0,1.0,53.0,6.0,68.0,12.0,,2.0,10.0
235492,8.0,7.0,29.0,6.0,113.0,3.0,,2.0,0.0
262941,10.0,9.0,37.0,6.0,68.0,8.0,,2.0,5.0
534267,12.0,11.0,0.0,16.0,130.0,2.0,23.4,0.0,4.0
636115,7.0,6.0,9.0,0.0,21.0,7.0,15.6,1.0,9.0
194502,0.0,3.0,2.0,3.0,91.0,6.0,545.0,1.0,9.0
510041,11.0,10.0,21.0,14.0,143.0,3.0,242.3,2.0,5.0
615515,8.0,7.0,7.0,2.0,83.0,2.0,54.0,1.0,9.0
131648,4.0,7.0,21.0,3.0,27.0,4.0,2.9,2.0,3.0
328864,12.0,11.0,4.0,4.0,110.0,3.0,108.5,0.0,4.0
258268,9.0,8.0,47.0,6.0,66.0,12.0,267.0,1.0,9.0
197580,3.0,6.0,37.0,3.0,91.0,5.0,26.7,0.0,6.0
17576,5.0,4.0,1.0,2.0,48.0,8.0,,0.0,4.0
580800,5.0,4.0,3.0,11.0,123.0,2.0,82.6,2.0,3.0
298570,7.0,6.0,21.0,6.0,50.0,12.0,470.0,2.0,5.0
910024,7.0,6.0,31.0,11.0,103.0,2.0,35.9,0.0,4.0
315561,3.0,2.0,5.0,4.0,112.0,3.0,180.5,1.0,9.0
1118458,8.0,7.0,50.0,0.0,62.0,7.0,,2.0,3.0
656853,7.0,6.0,10.0,6.0,81.0,2.0,50.9,2.0,3.0
1091114,10.0,9.0,48.0,2.0,78.0,7.0,30.6,2.0,3.0
1152451,13.0,12.0,52.0,6.0,151.0,2.0,4.8,0.0,4.0
176048,5.0,8.0,39.0,3.0,28.0,5.0,85.3,1.0,9.0
68358,5.0,8.0,13.0,3.0,30.0,4.0,,2.0,3.0
1078127,6.0,5.0,46.0,16.0,165.0,2.0,67.6,0.0,4.0
609996,7.0,6.0,7.0,6.0,149.0,7.0,,2.0,7.0
824543,11.0,10.0,24.0,7.0,157.0,7.0,68.3,0.0,6.0
223892,3.0,2.0,42.0,5.0,75.0,0.0,353.2,1.0,9.0
470968,5.0,4.0,6.0,11.0,121.0,7.0,19.0,2.0,5.0
30559,10.0,9.0,7.0,2.0,74.0,3.0,11.58,1.0,9.0
767409,9.0,8.0,19.0,1.0,177.0,2.0,31.4,2.0,10.0
321925,4.0,3.0,22.0,4.0,110.0,8.0,202.5,2.0,10.0
916491,10.0,9.0,32.0,0.0,61.0,7.0,5.0,0.0,4.0
242230,8.0,7.0,39.0,6.0,114.0,12.0,,2.0,0.0
888430,6.0,5.0,29.0,2.0,36.0,7.0,8.7,1.0,9.0
873212,10.0,9.0,28.0,13.0,5.0,7.0,,2.0,5.0
1164769,6.0,5.0,52.0,16.0,165.0,2.0,,2.0,5.0
764331,8.0,7.0,19.0,7.0,186.0,2.0,,2.0,5.0
869347,5.0,4.0,28.0,6.0,134.0,2.0,,2.0,7.0
1105152,11.0,10.0,49.0,1.0,11.0,2.0,,2.0,10.0
22119,6.0,5.0,51.0,0.0,33.0,3.0,11.1,1.0,9.0
1127887,13.0,12.0,50.0,0.0,21.0,2.0,,2.0,3.0
1147501,13.0,12.0,52.0,14.0,52.0,2.0,17.4,2.0,5.0
638065,11.0,10.0,9.0,2.0,78.0,2.0,,2.0,8.0
346814,4.0,3.0,31.0,4.0,111.0,8.0,,2.0,5.0
767430,11.0,10.0,19.0,1.0,1.0,7.0,12.9,0.0,6.0
661327,8.0,7.0,10.0,0.0,21.0,7.0,13.3,1.0,9.0
888220,6.0,5.0,28.0,16.0,135.0,7.0,68.6,0.0,4.0
365241,4.0,3.0,4.0,4.0,108.0,3.0,35.2,0.0,6.0
656220,11.0,10.0,10.0,10.0,169.0,10.0,6.6,2.0,7.0
1045989,4.0,3.0,42.0,4.0,131.0,7.0,,2.0,7.0
68798,5.0,8.0,9.0,3.0,90.0,5.0,,0.0,4.0
1136606,5.0,4.0,50.0,16.0,43.0,7.0,51.4,2.0,7.0
911925,12.0,11.0,31.0,1.0,51.0,2.0,22.2,1.0,9.0
265418,5.0,4.0,28.0,6.0,66.0,3.0,319.18,0.0,4.0
1162607,7.0,6.0,53.0,4.0,77.0,2.0,33.7,1.0,9.0
576444,5.0,4.0,4.0,2.0,137.0,2.0,76.5,1.0,9.0
1051054,5.0,4.0,43.0,14.0,39.0,7.0,84.7,1.0,9.0
591291,11.0,10.0,5.0,6.0,152.0,7.0,,2.0,7.0
837990,11.0,10.0,26.0,1.0,11.0,7.0,40.4,0.0,4.0
579980,13.0,12.0,4.0,1.0,12.0,7.0,,2.0,7.0
757,4.0,3.0,38.0,0.0,33.0,3.0,8.4,0.0,4.0
641479,12.0,11.0,8.0,7.0,155.0,7.0,,2.0,7.0
1099545,12.0,11.0,47.0,10.0,16.0,7.0,23.5,1.0,9.0
349699,6.0,5.0,43.0,4.0,109.0,8.0,,2.0,3.0
376561,10.0,9.0,2.0,4.0,70.0,3.0,21.21,0.0,4.0
262974,7.0,6.0,43.0,6.0,68.0,12.0,968.0,2.0,10.0
134644,7.0,10.0,15.0,3.0,27.0,4.0,,2.0,1.0
1155748,13.0,12.0,52.0,14.0,168.0,10.0,4.2,2.0,3.0
1027737,13.0,12.0,41.0,10.0,169.0,10.0,5.9,2.0,7.0
53264,5.0,8.0,12.0,3.0,89.0,4.0,13.2,1.0,9.0
18183,2.0,1.0,16.0,2.0,48.0,3.0,,0.0,6.0
1147185,13.0,12.0,52.0,0.0,20.0,1.0,6.9,2.0,8.0
459155,8.0,7.0,53.0,7.0,73.0,12.0,1415,2.0,3.0
1105550,5.0,4.0,49.0,0.0,21.0,7.0,,2.0,10.0
932639,12.0,11.0,33.0,11.0,59.0,2.0,30.1,2.0,3.0
950944,8.0,7.0,34.0,7.0,155.0,7.0,,2.0,7.0
632291,12.0,11.0,7.0,16.0,37.0,7.0,,2.0,7.0
228077,4.0,3.0,30.0,5.0,116.0,3.0,,2.0,1.0
755563,3.0,2.0,18.0,11.0,117.0,7.0,29.2,2.0,10.0
625273,5.0,4.0,8.0,7.0,157.0,7.0,,2.0,8.0
369167,10.0,9.0,25.0,4.0,108.0,8.0,12.2,2.0,5.0
496292,1.0,0.0,50.0,14.0,92.0,12.0,18.0,0.0,6.0
1094750,11.0,10.0,47.0,7.0,158.0,2.0,52.2,0.0,4.0
732886,9.0,8.0,17.0,1.0,1.0,2.0,17.5,2.0,5.0
1053256,4.0,3.0,43.0,14.0,168.0,10.0,1.8,1.0,9.0
954376,5.0,4.0,35.0,1.0,1.0,7.0,16.3,2.0,5.0
712863,4.0,3.0,15.0,6.0,148.0,2.0,,2.0,8.0
980003,7.0,6.0,37.0,5.0,150.0,7.0,,2.0,7.0
291931,4.0,3.0,44.0,6.0,67.0,12.0,58.0,2.0,5.0
367714,7.0,6.0,19.0,4.0,108.0,3.0,43.8,0.0,4.0
474708,9.0,8.0,6.0,12.0,71.0,3.0,10.81,0.0,4.0
811276,4.0,3.0,23.0,4.0,131.0,7.0,46.2,1.0,9.0
1120478,8.0,7.0,49.0,13.0,185.0,2.0,50.4,1.0,9.0
926056,9.0,8.0,32.0,4.0,182.0,7.0,66.3,2.0,5.0
197359,7.0,10.0,24.0,3.0,91.0,6.0,2138.0,2.0,10.0
1180024,3.0,2.0,54.0,4.0,77.0,2.0,25.2,0.0,6.0
525314,12.0,11.0,30.0,15.0,55.0,7.0,29.1,2.0,7.0
428152,9.0,8.0,0.0,7.0,115.0,3.0,,2.0,3.0
544893,3.0,2.0,1.0,4.0,77.0,2.0,,2.0,5.0
222007,9.0,8.0,25.0,5.0,116.0,12.0,,2.0,0.0
471308,6.0,5.0,0.0,12.0,71.0,12.0,264,1.0,9.0
1147742,4.0,3.0,52.0,7.0,2.0,7.0,65.3,0.0,4.0
1038140,4.0,3.0,42.0,0.0,20.0,1.0,,2.0,7.0
536728,6.0,5.0,0.0,7.0,56.0,7.0,81.7,0.0,6.0
463728,11.0,10.0,10.0,12.0,71.0,12.0,7690,2.0,10.0
809192,3.0,2.0,22.0,6.0,149.0,7.0,,2.0,5.0
863281,4.0,3.0,27.0,7.0,79.0,7.0,,2.0,3.0
8460,12.0,11.0,22.0,0.0,33.0,8.0,19.1,2.0,10.0
702011,8.0,7.0,14.0,1.0,51.0,7.0,32.6,1.0,9.0
318091,11.0,10.0,5.0,4.0,110.0,12.0,4252.0,0.0,6.0
710222,12.0,11.0,14.0,16.0,37.0,7.0,14.3,1.0,9.0
223046,6.0,5.0,16.0,6.0,113.0,8.0,,2.0,0.0
588503,11.0,10.0,5.0,4.0,82.0,7.0,72.3,2.0,10.0
657388,6.0,5.0,10.0,3.0,126.0,7.0,84.5,1.0,9.0
774644,8.0,7.0,20.0,6.0,149.0,7.0,,1.0,9.0
469609,9.0,8.0,23.0,11.0,121.0,7.0,14.4,2.0,10.0
573122,7.0,6.0,3.0,4.0,17.0,7.0,26.2,2.0,7.0
776118,5.0,4.0,20.0,15.0,184.0,7.0,67.7,2.0,8.0
927591,6.0,5.0,32.0,0.0,61.0,2.0,2.6,2.0,5.0
346924,6.0,5.0,12.0,4.0,111.0,8.0,63.4,0.0,4.0
310447,5.0,4.0,8.0,4.0,112.0,8.0,71.4,2.0,1.0
134978,0.0,3.0,33.0,3.0,87.0,4.0,7.4,1.0,9.0
176499,5.0,8.0,53.0,3.0,28.0,4.0,26.2,2.0,5.0
1089398,5.0,4.0,45.0,7.0,79.0,2.0,39.0,1.0,9.0
150942,0.0,3.0,15.0,3.0,24.0,4.0,55.5,0.0,6.0
430205,8.0,7.0,25.0,7.0,115.0,8.0,1.4,2.0,10.0
108405,0.0,3.0,24.0,3.0,86.0,5.0,112.2,2.0,0.0
832593,3.0,2.0,24.0,14.0,170.0,1.0,,2.0,10.0
634602,3.0,2.0,7.0,16.0,43.0,7.0,30.8,2.0,3.0
104010,1.0,4.0,18.0,3.0,86.0,4.0,202.6,1.0,9.0
1016614,12.0,11.0,40.0,4.0,131.0,2.0,,2.0,7.0
818120,5.0,4.0,24.0,2.0,137.0,2.0,96.6,0.0,4.0
273676,2.0,1.0,9.0,6.0,69.0,8.0,25.88,2.0,5.0
66528,6.0,9.0,33.0,3.0,30.0,5.0,2.9,1.0,9.0
374533,7.0,6.0,16.0,4.0,108.0,12.0,2959.0,1.0,9.0
679381,4.0,3.0,13.0,0.0,20.0,1.0,7.6,2.0,10.0
236252,11.0,10.0,4.0,6.0,114.0,8.0,229.9,2.0,0.0
400176,9.0,8.0,8.0,4.0,72.0,8.0,,1.0,9.0
675570,10.0,9.0,11.0,7.0,186.0,7.0,44.1,2.0,8.0
723053,12.0,11.0,15.0,12.0,163.0,7.0,,2.0,7.0
687520,7.0,6.0,12.0,7.0,46.0,2.0,69.7,1.0,9.0
1069149,9.0,8.0,45.0,1.0,51.0,7.0,43.9,0.0,4.0
281310,6.0,5.0,29.0,6.0,67.0,12.0,220.0,2.0,0.0
653539,9.0,8.0,10.0,7.0,2.0,2.0,,2.0,7.0
255489,9.0,8.0,33.0,6.0,66.0,8.0,292.38,2.0,10.0
33524,7.0,6.0,18.0,2.0,74.0,3.0,,2.0,1.0
1088272,5.0,4.0,45.0,16.0,43.0,2.0,18.3,2.0,3.0
481721,2.0,1.0,43.0,12.0,147.0,7.0,,2.0,3.0
632928,12.0,11.0,7.0,1.0,11.0,2.0,,2.0,7.0
518913,11.0,10.0,26.0,15.0,55.0,7.0,,2.0,1.0
939406,13.0,12.0,34.0,14.0,52.0,7.0,15.9,2.0,10.0
705782,10.0,9.0,15.0,4.0,131.0,7.0,,2.0,10.0
71134,2.0,5.0,15.0,3.0,30.0,4.0,,2.0,3.0
967229,4.0,3.0,36.0,1.0,129.0,7.0,48.5,2.0,5.0
940269,6.0,5.0,33.0,9.0,80.0,7.0,42.2,2.0,8.0
616961,10.0,9.0,7.0,1.0,10.0,7.0,21.6,0.0,4.0
153616,0.0,3.0,41.0,3.0,27.0,5.0,,2.0,5.0
918300,10.0,9.0,32.0,7.0,84.0,7.0,,2.0,5.0
337493,8.0,7.0,24.0,4.0,109.0,12.0,94.0,2.0,3.0
594141,5.0,4.0,5.0,6.0,152.0,7.0,8.0,2.0,8.0
1021311,4.0,3.0,40.0,14.0,52.0,2.0,34.7,1.0,9.0
649388,4.0,3.0,9.0,16.0,135.0,7.0,,2.0,3.0
1181125,8.0,7.0,54.0,0.0,21.0,2.0,13.3,0.0,4.0
275740,6.0,5.0,36.0,6.0,69.0,12.0,16803.0,1.0,9.0
436352,5.0,4.0,2.0,7.0,9.0,12.0,255.0,2.0,3.0
822075,3.0,2.0,24.0,6.0,153.0,2.0,,2.0,3.0
1144640,9.0,8.0,51.0,14.0,168.0,1.0,2.8,1.0,9.0
258243,6.0,5.0,42.0,6.0,68.0,12.0,,2.0,5.0
337567,10.0,9.0,50.0,4.0,110.0,12.0,,2.0,1.0
6347,7.0,6.0,50.0,0.0,4.0,7.0,68.9,1.0,9.0
1113662,11.0,10.0,48.0,10.0,169.0,1.0,3.5,0.0,6.0
771943,9.0,8.0,20.0,0.0,21.0,2.0,10.9,2.0,3.0
163084,6.0,9.0,51.0,3.0,25.0,4.0,7.7,2.0,5.0
232025,11.0,10.0,29.0,6.0,113.0,3.0,,2.0,0.0
264213,5.0,4.0,30.0,6.0,66.0,8.0,,2.0,5.0
1106600,9.0,8.0,48.0,11.0,103.0,7.0,29.4,0.0,4.0
1066121,12.0,11.0,44.0,6.0,151.0,2.0,7.4,0.0,6.0
96302,2.0,5.0,28.0,3.0,85.0,6.0,26819.0,0.0,6.0
361259,4.0,3.0,12.0,4.0,111.0,3.0,65.1,0.0,6.0
404676,11.0,10.0,7.0,7.0,107.0,12.0,,2.0,0.0
1086025,6.0,5.0,45.0,13.0,5.0,2.0,12.6,1.0,9.0
319341,12.0,11.0,23.0,4.0,110.0,3.0,194.1,2.0,10.0
377400,11.0,10.0,20.0,4.0,70.0,8.0,24.97,0.0,4.0
950543,6.0,5.0,35.0,1.0,12.0,2.0,42.8,2.0,10.0
3374,2.0,1.0,3.0,0.0,33.0,12.0,870,1.0,9.0
736658,7.0,6.0,16.0,7.0,46.0,2.0,53.7,0.0,6.0
1049362,3.0,2.0,43.0,0.0,19.0,10.0,3.5,2.0,8.0
485708,5.0,4.0,31.0,12.0,71.0,12.0,,2.0,1.0
904732,10.0,9.0,31.0,7.0,138.0,7.0,85.9,1.0,9.0
1150851,8.0,7.0,52.0,7.0,84.0,7.0,53.3,2.0,10.0
207586,6.0,5.0,17.0,5.0,116.0,8.0,17.0,2.0,5.0
1180623,10.0,9.0,54.0,7.0,138.0,7.0,80.2,0.0,6.0
288841,9.0,8.0,21.0,6.0,67.0,3.0,117.06,2.0,0.0
487724,11.0,10.0,17.0,12.0,71.0,8.0,9.1,2.0,10.0
706275,5.0,4.0,14.0,11.0,59.0,2.0,,2.0,3.0
241829,9.0,8.0,38.0,6.0,113.0,8.0,103.9,2.0,0.0
539435,8.0,7.0,0.0,0.0,62.0,7.0,,2.0,3.0
243107,2.0,1.0,7.0,6.0,68.0,3.0,,1.0,9.0
324549,2.0,1.0,43.0,4.0,112.0,8.0,272.7,1.0,9.0
17296,2.0,1.0,45.0,0.0,33.0,3.0,10.5,2.0,10.0
769226,9.0,8.0,19.0,7.0,157.0,7.0,,2.0,8.0
2027,6.0,5.0,36.0,0.0,33.0,8.0,12.6,1.0,9.0
118218,1.0,4.0,8.0,3.0,26.0,5.0,23.8,2.0,3.0
657494,3.0,2.0,10.0,16.0,130.0,7.0,23.6,0.0,4.0
227592,6.0,5.0,12.0,5.0,75.0,12.0,725.0,1.0,9.0
375233,10.0,9.0,48.0,4.0,108.0,8.0,17.5,2.0,1.0
927247,10.0,9.0,32.0,4.0,77.0,2.0,,2.0,8.0
250415,5.0,4.0,30.0,6.0,114.0,3.0,,2.0,0.0
733916,12.0,11.0,16.0,7.0,138.0,7.0,,2.0,5.0
541517,11.0,10.0,0.0,4.0,182.0,7.0,54.9,0.0,6.0
417777,11.0,10.0,36.0,7.0,107.0,3.0,107.5,2.0,3.0
66157,7.0,10.0,1.0,3.0,90.0,4.0,,0.0,4.0
1174837,4.0,3.0,54.0,11.0,125.0,7.0,54.4,1.0,9.0
62886,0.0,3.0,13.0,3.0,30.0,5.0,2.8,2.0,10.0
684705,12.0,11.0,12.0,4.0,82.0,7.0,63.9,2.0,10.0
573838,3.0,2.0,3.0,7.0,2.0,2.0,39.6,0.0,6.0
547765,9.0,8.0,1.0,1.0,1.0,7.0,,2.0,10.0
175237,2.0,5.0,14.0,3.0,28.0,5.0,,2.0,3.0
733618,9.0,8.0,17.0,11.0,103.0,7.0,30.1,2.0,7.0
1028876,3.0,2.0,41.0,7.0,58.0,7.0,,2.0,5.0
713052,6.0,5.0,15.0,6.0,152.0,2.0,,2.0,8.0
826534,6.0,5.0,24.0,7.0,156.0,2.0,6.8,2.0,10.0
928630,4.0,3.0,32.0,6.0,149.0,2.0,52.5,1.0,9.0
949475,8.0,7.0,34.0,6.0,148.0,7.0,,2.0,10.0
721531,9.0,8.0,16.0,2.0,83.0,2.0,61.1,1.0,9.0
152777,5.0,8.0,39.0,3.0,24.0,4.0,3.8,2.0,3.0
807401,3.0,2.0,22.0,11.0,123.0,7.0,58.1,0.0,4.0
363420,9.0,8.0,16.0,4.0,108.0,12.0,1836.0,0.0,4.0
778803,5.0,4.0,20.0,4.0,136.0,7.0,78.0,0.0,6.0
117015,6.0,9.0,44.0,3.0,88.0,6.0,5189.0,1.0,9.0
3467,11.0,10.0,20.0,0.0,33.0,12.0,746,1.0,9.0
26520,2.0,1.0,47.0,2.0,48.0,8.0,28.46,1.0,9.0
216967,6.0,5.0,10.0,6.0,113.0,12.0,1973.0,0.0,6.0
638412,5.0,4.0,9.0,11.0,98.0,11.0,1.3,2.0,7.0
827674,8.0,7.0,24.0,16.0,43.0,2.0,16.8,0.0,6.0
18780,9.0,8.0,0.0,2.0,48.0,3.0,,2.0,5.0
505827,8.0,7.0,26.0,14.0,143.0,3.0,272.7,2.0,5.0
257613,9.0,8.0,35.0,6.0,66.0,3.0,,1.0,9.0
695891,13.0,12.0,14.0,11.0,59.0,2.0,25.4,2.0,5.0
956170,5.0,4.0,35.0,0.0,19.0,10.0,4.1,0.0,6.0
1113059,5.0,4.0,48.0,7.0,2.0,2.0,63.9,0.0,6.0
1077122,10.0,9.0,45.0,13.0,185.0,2.0,59.2,0.0,6.0
779251,8.0,7.0,20.0,14.0,176.0,7.0,90.2,2.0,3.0
981141,10.0,9.0,37.0,3.0,126.0,7.0,76.2,1.0,9.0
689718,12.0,11.0,12.0,11.0,123.0,2.0,57.0,2.0,8.0
5878,11.0,10.0,33.0,0.0,33.0,8.0,18.6,2.0,10.0
262538,7.0,6.0,27.0,6.0,68.0,8.0,,2.0,0.0
845639,12.0,11.0,25.0,1.0,129.0,2.0,25.6,2.0,8.0
81579,6.0,9.0,54.0,3.0,90.0,5.0,,0.0,4.0
656502,3.0,2.0,10.0,4.0,18.0,7.0,25.1,2.0,3.0
288698,7.0,6.0,17.0,6.0,67.0,3.0,23.23,2.0,1.0
580232,7.0,6.0,3.0,14.0,168.0,1.0,2.5,2.0,10.0
672070,13.0,12.0,12.0,2.0,137.0,7.0,,2.0,7.0
1181112,10.0,9.0,54.0,10.0,169.0,10.0,8.1,2.0,7.0
635922,6.0,5.0,8.0,14.0,40.0,2.0,11.2,1.0,9.0
1063467,10.0,9.0,44.0,13.0,118.0,7.0,59.6,0.0,4.0
1037246,3.0,2.0,42.0,6.0,151.0,7.0,9.5,0.0,4.0
1042628,7.0,6.0,42.0,6.0,151.0,7.0,6.3,2.0,8.0
373252,2.0,1.0,20.0,4.0,108.0,3.0,30.8,2.0,1.0
763127,5.0,4.0,19.0,14.0,176.0,7.0,82.8,2.0,3.0
832698,10.0,9.0,24.0,13.0,118.0,7.0,64.9,2.0,5.0
944118,12.0,11.0,34.0,3.0,96.0,7.0,,2.0,3.0
969089,10.0,9.0,35.0,12.0,163.0,7.0,29.0,0.0,4.0
30581,7.0,6.0,25.0,0.0,6.0,15.0,2.00,1.0,9.0
306329,6.0,5.0,42.0,6.0,49.0,3.0,,2.0,0.0
1074111,4.0,3.0,45.0,3.0,54.0,2.0,54.9,2.0,8.0
321861,9.0,8.0,45.0,4.0,112.0,8.0,322.5,2.0,10.0
874886,11.0,10.0,28.0,14.0,176.0,7.0,87.7,2.0,3.0
506278,3.0,2.0,33.0,14.0,143.0,12.0,1382.0,0.0,4.0
967049,8.0,7.0,36.0,2.0,36.0,7.0,12.7,2.0,3.0
1050951,12.0,11.0,43.0,0.0,20.0,1.0,7.3,2.0,10.0
1029319,7.0,6.0,41.0,16.0,130.0,2.0,,2.0,3.0
707112,11.0,10.0,14.0,11.0,105.0,2.0,,2.0,3.0
1046743,8.0,7.0,42.0,3.0,54.0,2.0,68.5,2.0,10.0
226097,12.0,11.0,33.0,5.0,116.0,3.0,144.6,2.0,0.0
154855,7.0,10.0,24.0,3.0,24.0,5.0,43.3,1.0,9.0
647955,9.0,8.0,9.0,11.0,105.0,7.0,19.3,2.0,3.0
653666,5.0,4.0,10.0,7.0,56.0,7.0,74.7,0.0,4.0
668063,13.0,12.0,12.0,7.0,157.0,7.0,67.5,2.0,5.0
67914,1.0,4.0,9.0,3.0,90.0,6.0,2338.0,2.0,3.0
899616,10.0,9.0,30.0,4.0,131.0,7.0,,2.0,5.0
1103571,5.0,4.0,47.0,14.0,168.0,10.0,2.4,0.0,4.0
852355,7.0,6.0,27.0,4.0,182.0,2.0,,2.0,5.0
1100464,5.0,4.0,47.0,7.0,58.0,7.0,,1.0,9.0
12227,2.0,1.0,3.0,0.0,33.0,3.0,15.4,2.0,5.0
81150,1.0,4.0,16.0,3.0,31.0,5.0,,0.0,4.0
989927,7.0,6.0,38.0,1.0,13.0,2.0,35.3,2.0,10.0
911841,11.0,10.0,31.0,6.0,81.0,2.0,56.6,0.0,4.0
318982,5.0,4.0,5.0,4.0,110.0,8.0,49.1,2.0,1.0
438506,9.0,8.0,12.0,7.0,73.0,12.0,,2.0,5.0
311244,10.0,9.0,15.0,4.0,112.0,8.0,329.0,2.0,10.0
282042,2.0,1.0,9.0,6.0,67.0,3.0,86.9,1.0,9.0
97782,6.0,9.0,23.0,3.0,85.0,6.0,6628.0,2.0,3.0
380207,12.0,11.0,44.0,4.0,70.0,3.0,23.05,2.0,10.0
796691,11.0,10.0,21.0,1.0,11.0,7.0,30.3,0.0,6.0
846593,4.0,3.0,25.0,16.0,165.0,7.0,58.3,2.0,3.0
983548,8.0,7.0,36.0,9.0,80.0,7.0,30.7,2.0,7.0
698875,13.0,12.0,14.0,10.0,169.0,1.0,4.8,2.0,5.0
54599,2.0,1.0,51.0,2.0,14.0,8.0,14.2,0.0,4.0
689068,9.0,8.0,12.0,11.0,120.0,2.0,24.1,1.0,9.0
648512,4.0,3.0,9.0,7.0,186.0,2.0,47.7,2.0,5.0
83614,0.0,3.0,22.0,3.0,31.0,6.0,142.0,2.0,10.0
739915,10.0,9.0,16.0,13.0,178.0,2.0,49.9,2.0,8.0
462629,12.0,11.0,0.0,12.0,71.0,12.0,,2.0,5.0
387594,11.0,10.0,9.0,4.0,70.0,3.0,21.53,2.0,1.0
970527,3.0,2.0,37.0,0.0,22.0,7.0,15.2,1.0,9.0
759906,8.0,7.0,19.0,0.0,21.0,2.0,12.5,0.0,4.0
1102001,11.0,10.0,47.0,6.0,151.0,7.0,,2.0,8.0
118493,2.0,5.0,53.0,3.0,88.0,6.0,1389.0,2.0,10.0
798194,5.0,4.0,22.0,6.0,151.0,2.0,6.2,1.0,9.0
1053152,11.0,10.0,43.0,14.0,170.0,10.0,3.6,1.0,9.0
734605,8.0,7.0,17.0,6.0,153.0,2.0,,2.0,8.0
447055,8.0,7.0,25.0,7.0,9.0,8.0,,2.0,3.0
823402,7.0,6.0,24.0,1.0,51.0,2.0,32.1,2.0,7.0
5102,5.0,4.0,2.0,0.0,3.0,7.0,,2.0,0.0
30008,8.0,7.0,1.0,2.0,74.0,3.0,,2.0,10.0
758937,11.0,10.0,19.0,7.0,79.0,2.0,44.8,1.0,9.0
117124,5.0,8.0,5.0,3.0,26.0,6.0,482.0,2.0,10.0
134677,0.0,3.0,7.0,3.0,87.0,4.0,9.8,0.0,4.0
210997,2.0,5.0,4.0,3.0,106.0,6.0,863.0,2.0,10.0
454868,9.0,8.0,7.0,11.0,102.0,7.0,9.4,0.0,4.0
922947,13.0,12.0,33.0,11.0,123.0,7.0,64.0,2.0,10.0
1022952,6.0,5.0,40.0,2.0,83.0,2.0,,0.0,6.0
443003,10.0,9.0,28.0,7.0,73.0,3.0,198.05,1.0,9.0
851133,5.0,4.0,27.0,7.0,84.0,2.0,,2.0,3.0
984708,11.0,10.0,38.0,4.0,17.0,2.0,27.6,2.0,10.0
1119152,10.0,9.0,50.0,6.0,81.0,2.0,44.3,1.0,9.0
195394,2.0,5.0,32.0,3.0,91.0,4.0,30.3,2.0,10.0
319255,4.0,3.0,13.0,4.0,110.0,8.0,43.8,2.0,1.0
1091909,5.0,4.0,47.0,4.0,18.0,7.0,,2.0,7.0
753290,8.0,7.0,18.0,1.0,12.0,2.0,,2.0,5.0
261385,7.0,6.0,42.0,6.0,68.0,8.0,,2.0,1.0
1170361,4.0,3.0,54.0,4.0,82.0,7.0,59.2,1.0,9.0
1021110,6.0,5.0,40.0,1.0,13.0,7.0,50.4,2.0,5.0
50144,4.0,7.0,10.0,3.0,89.0,4.0,19.4,0.0,6.0
372315,5.0,4.0,4.0,4.0,108.0,12.0,7848.0,0.0,4.0
403332,9.0,8.0,32.0,4.0,65.0,3.0,10.89,0.0,4.0
105638,7.0,10.0,3.0,3.0,88.0,4.0,,0.0,6.0
304308,8.0,7.0,0.0,4.0,112.0,3.0,317.9,2.0,0.0
740429,7.0,6.0,17.0,4.0,63.0,2.0,32.7,2.0,5.0
299832,3.0,2.0,35.0,6.0,67.0,12.0,85080.0,0.0,4.0
1158920,6.0,5.0,53.0,0.0,20.0,10.0,,2.0,8.0
157989,2.0,5.0,51.0,3.0,27.0,5.0,2.0,2.0,10.0
906996,8.0,7.0,32.0,0.0,22.0,7.0,,2.0,7.0
901028,3.0,2.0,30.0,1.0,13.0,7.0,54.5,2.0,5.0
454932,5.0,4.0,13.0,8.0,47.0,7.0,,2.0,2.0
833753,6.0,5.0,24.0,16.0,135.0,7.0,,2.0,7.0
842742,4.0,3.0,26.0,6.0,134.0,2.0,61.4,0.0,6.0
20187,6.0,5.0,0.0,2.0,74.0,8.0,,1.0,9.0
206282,1.0,4.0,47.0,3.0,106.0,6.0,84.0,1.0,9.0
476874,2.0,1.0,20.0,12.0,71.0,12.0,,2.0,0.0
379793,8.0,7.0,34.0,4.0,70.0,12.0,3114.0,2.0,10.0
923474,10.0,9.0,32.0,4.0,136.0,7.0,,2.0,5.0
930976,8.0,7.0,33.0,14.0,52.0,2.0,14.6,2.0,10.0
488735,9.0,8.0,3.0,14.0,143.0,3.0,449.2,2.0,5.0
463232,7.0,6.0,38.0,11.0,121.0,7.0,,2.0,10.0
420664,8.0,7.0,10.0,7.0,115.0,12.0,49.0,2.0,10.0
344918,4.0,3.0,32.0,4.0,109.0,3.0,143.0,0.0,6.0
845350,3.0,2.0,25.0,7.0,138.0,2.0,,2.0,3.0
637280,12.0,11.0,9.0,3.0,54.0,7.0,77.7,2.0,10.0
224765,2.0,1.0,37.0,5.0,116.0,8.0,77.4,2.0,0.0
25052,13.0,12.0,32.0,1.0,1.0,2.0,16.2,2.0,10.0
418715,10.0,9.0,20.0,7.0,107.0,3.0,74.5,2.0,3.0
1116505,7.0,6.0,48.0,7.0,58.0,7.0,75.1,1.0,9.0
549809,8.0,7.0,1.0,6.0,149.0,7.0,,2.0,7.0
462319,10.0,9.0,16.0,11.0,145.0,16.0,No,1.0,9.0
1005551,7.0,6.0,39.0,6.0,154.0,2.0,,2.0,5.0
1152387,13.0,12.0,52.0,0.0,19.0,1.0,4.2,1.0,9.0
874099,6.0,5.0,27.0,13.0,178.0,2.0,35.1,2.0,10.0
1064654,11.0,10.0,45.0,0.0,62.0,7.0,,2.0,7.0
687815,3.0,2.0,12.0,14.0,170.0,10.0,,2.0,7.0
1137225,4.0,3.0,50.0,14.0,168.0,10.0,,2.0,3.0
931830,3.0,2.0,33.0,9.0,80.0,2.0,37.5,0.0,6.0
809652,12.0,11.0,22.0,2.0,132.0,2.0,,2.0,3.0
923044,5.0,4.0,32.0,4.0,131.0,2.0,20.7,0.0,6.0
616052,5.0,4.0,6.0,11.0,123.0,2.0,66.8,2.0,3.0
782277,6.0,5.0,20.0,6.0,148.0,7.0,61.0,2.0,10.0
748922,13.0,12.0,18.0,0.0,61.0,7.0,,2.0,8.0
46046,7.0,6.0,13.0,2.0,74.0,8.0,4.18,0.0,6.0
577957,3.0,2.0,3.0,6.0,81.0,2.0,,2.0,3.0
871869,9.0,8.0,28.0,2.0,132.0,2.0,,2.0,8.0
1116441,11.0,10.0,48.0,11.0,120.0,7.0,31.9,1.0,9.0
178721,2.0,5.0,8.0,3.0,29.0,4.0,53.3,2.0,10.0
713935,3.0,2.0,14.0,4.0,182.0,2.0,52.8,1.0,9.0
173821,4.0,7.0,44.0,3.0,28.0,5.0,10.9,2.0,5.0
176420,7.0,10.0,44.0,3.0,28.0,5.0,102.3,0.0,6.0
901039,4.0,3.0,30.0,14.0,52.0,7.0,24.0,2.0,5.0
513156,12.0,11.0,17.0,15.0,140.0,7.0,83.2,2.0,5.0
434663,9.0,8.0,13.0,7.0,73.0,12.0,54460.0,2.0,10.0
909646,11.0,10.0,31.0,7.0,138.0,2.0,77.0,0.0,6.0
44131,10.0,9.0,37.0,2.0,74.0,8.0,,2.0,10.0
627050,8.0,7.0,7.0,14.0,39.0,7.0,94.9,1.0,9.0
64964,1.0,4.0,3.0,3.0,90.0,4.0,1.0,2.0,1.0
571784,7.0,6.0,3.0,4.0,77.0,2.0,26.1,2.0,10.0
974430,6.0,5.0,36.0,7.0,46.0,2.0,,2.0,7.0
380959,2.0,1.0,5.0,4.0,70.0,8.0,12.96,2.0,10.0
915164,12.0,11.0,31.0,13.0,5.0,2.0,,2.0,8.0
691265,9.0,8.0,13.0,16.0,130.0,7.0,23.7,0.0,6.0
74777,0.0,3.0,23.0,3.0,90.0,5.0,167.6,0.0,6.0
1118385,5.0,4.0,49.0,7.0,84.0,2.0,,2.0,7.0
826056,13.0,12.0,25.0,1.0,13.0,2.0,,2.0,8.0
624635,4.0,3.0,8.0,13.0,185.0,7.0,73.1,0.0,4.0
419982,11.0,10.0,28.0,7.0,115.0,3.0,2.5,2.0,3.0
1077951,4.0,3.0,47.0,1.0,11.0,2.0,25.1,0.0,6.0
1180968,8.0,7.0,54.0,16.0,130.0,7.0,19.4,0.0,6.0
5495,9.0,8.0,1.0,0.0,23.0,7.0,,2.0,5.0
1030060,12.0,11.0,41.0,14.0,40.0,2.0,21.8,2.0,5.0
535635,5.0,4.0,0.0,1.0,11.0,2.0,,2.0,5.0
191309,2.0,5.0,38.0,3.0,29.0,4.0,44.2,1.0,9.0
1005582,13.0,12.0,39.0,7.0,155.0,7.0,26.9,0.0,4.0
872743,3.0,2.0,28.0,4.0,82.0,7.0,,2.0,7.0
584940,10.0,9.0,5.0,3.0,54.0,7.0,72.7,2.0,3.0
456201,9.0,8.0,51.0,7.0,73.0,8.0,163.39,2.0,10.0
1046278,12.0,11.0,42.0,7.0,138.0,2.0,72.0,2.0,3.0
303025,9.0,8.0,6.0,6.0,50.0,8.0,,2.0,1.0
384298,3.0,2.0,14.0,4.0,70.0,8.0,9.53,0.0,4.0
454714,9.0,8.0,52.0,11.0,127.0,7.0,34.5,0.0,4.0
1111880,13.0,12.0,49.0,2.0,83.0,7.0,,2.0,7.0
591810,10.0,9.0,4.0,4.0,82.0,2.0,,2.0,3.0
106915,0.0,3.0,1.0,3.0,88.0,6.0,22.0,2.0,5.0
767134,13.0,12.0,19.0,2.0,78.0,2.0,33.5,0.0,6.0
801154,9.0,8.0,22.0,16.0,37.0,7.0,17.7,1.0,9.0
1052392,11.0,10.0,43.0,5.0,150.0,2.0,,2.0,3.0
620931,9.0,8.0,7.0,4.0,63.0,7.0,25.0,0.0,4.0
505428,11.0,10.0,23.0,15.0,140.0,7.0,,2.0,7.0
43340,8.0,7.0,54.0,2.0,74.0,3.0,,2.0,0.0
763405,10.0,9.0,19.0,13.0,178.0,2.0,,2.0,7.0
671028,12.0,11.0,11.0,16.0,130.0,2.0,10.7,2.0,8.0
1131721,11.0,10.0,51.0,1.0,10.0,2.0,25.9,0.0,4.0
131716,0.0,3.0,12.0,3.0,27.0,4.0,,2.0,0.0
309107,6.0,5.0,18.0,6.0,49.0,3.0,971.74,2.0,5.0
849627,7.0,6.0,26.0,2.0,137.0,7.0,85.1,2.0,10.0
187268,1.0,4.0,18.0,3.0,91.0,4.0,,2.0,1.0
219798,9.0,8.0,12.0,5.0,76.0,0.0,173.2,1.0,9.0
552366,12.0,11.0,1.0,3.0,54.0,7.0,78.8,0.0,4.0
821829,10.0,9.0,24.0,2.0,132.0,7.0,,2.0,3.0
707985,13.0,12.0,15.0,4.0,63.0,7.0,31.3,2.0,3.0
408465,4.0,3.0,20.0,7.0,107.0,12.0,138.0,2.0,5.0
439742,7.0,6.0,40.0,7.0,9.0,8.0,,2.0,1.0
1061257,9.0,8.0,43.0,14.0,170.0,10.0,3.4,0.0,6.0
717653,3.0,2.0,15.0,16.0,43.0,2.0,,2.0,8.0
1066375,11.0,10.0,44.0,6.0,152.0,2.0,,2.0,7.0
154811,5.0,8.0,1.0,3.0,24.0,5.0,11.8,2.0,5.0
837365,12.0,11.0,25.0,9.0,80.0,7.0,43.2,2.0,8.0
630864,4.0,3.0,8.0,1.0,51.0,2.0,27.3,2.0,10.0
525738,13.0,12.0,30.0,16.0,181.0,16.0,Yes,1.0,9.0
921095,3.0,2.0,32.0,14.0,176.0,7.0,,2.0,7.0
934994,3.0,2.0,34.0,1.0,177.0,7.0,28.5,0.0,6.0
883636,8.0,7.0,29.0,2.0,132.0,7.0,41.8,2.0,10.0
680812,11.0,10.0,12.0,7.0,84.0,7.0,64.3,2.0,8.0
534577,13.0,12.0,1.0,11.0,59.0,2.0,26.5,1.0,9.0
1053673,10.0,9.0,43.0,14.0,170.0,1.0,,2.0,5.0
459012,3.0,2.0,19.0,11.0,94.0,14.0,0.0,1.0,9.0
395562,8.0,7.0,26.0,4.0,65.0,3.0,8.84,2.0,5.0
1160984,7.0,6.0,53.0,11.0,123.0,2.0,76.9,0.0,6.0
692525,10.0,9.0,13.0,16.0,135.0,2.0,,2.0,3.0
729366,3.0,2.0,16.0,4.0,136.0,7.0,,2.0,3.0
476610,8.0,7.0,21.0,12.0,71.0,8.0,4.06,0.0,6.0
829994,8.0,7.0,24.0,14.0,52.0,2.0,27.7,2.0,5.0
343482,3.0,2.0,42.0,4.0,110.0,12.0,22.0,2.0,0.0
1165221,6.0,5.0,53.0,1.0,13.0,7.0,,2.0,7.0
360775,7.0,6.0,13.0,4.0,111.0,3.0,116.7,0.0,6.0
282461,11.0,10.0,21.0,6.0,67.0,8.0,14.58,2.0,5.0
48457,5.0,8.0,45.0,3.0,89.0,6.0,839.0,0.0,4.0
732213,9.0,8.0,17.0,0.0,20.0,10.0,7.6,1.0,9.0
1047126,7.0,6.0,42.0,4.0,82.0,2.0,67.3,1.0,9.0
574478,9.0,8.0,3.0,11.0,125.0,7.0,45.1,2.0,10.0
182448,7.0,10.0,27.0,3.0,28.0,6.0,,2.0,1.0
35817,9.0,8.0,24.0,2.0,74.0,8.0,1.82,2.0,10.0
922069,5.0,4.0,32.0,16.0,135.0,2.0,,2.0,8.0
643458,10.0,9.0,9.0,7.0,133.0,7.0,,2.0,7.0
104551,3.0,6.0,18.0,3.0,88.0,5.0,,0.0,6.0
248885,3.0,2.0,43.0,6.0,114.0,3.0,201.0,0.0,4.0
204095,3.0,2.0,2.0,5.0,116.0,8.0,117.3,2.0,3.0
607348,9.0,8.0,6.0,7.0,45.0,7.0,5.7,1.0,9.0
518950,6.0,5.0,20.0,15.0,55.0,7.0,40.4,2.0,1.0
988446,6.0,5.0,38.0,7.0,186.0,7.0,,2.0,3.0
503046,8.0,7.0,30.0,13.0,160.0,7.0,28.8,2.0,7.0
192494,0.0,3.0,42.0,3.0,29.0,6.0,7.0,2.0,0.0
14017,5.0,4.0,25.0,0.0,33.0,12.0,517,2.0,10.0
327233,3.0,2.0,47.0,4.0,112.0,8.0,142.9,0.0,6.0
814591,7.0,6.0,23.0,6.0,148.0,2.0,41.6,2.0,3.0
325649,11.0,10.0,15.0,4.0,110.0,8.0,68.4,2.0,1.0
687216,5.0,4.0,13.0,1.0,10.0,2.0,24.5,0.0,4.0
1180337,10.0,9.0,53.0,14.0,52.0,2.0,24.4,0.0,6.0
269472,11.0,10.0,23.0,6.0,69.0,8.0,10.97,0.0,6.0
806992,7.0,6.0,22.0,14.0,168.0,1.0,3.0,0.0,4.0
826594,5.0,4.0,24.0,7.0,2.0,7.0,72.8,0.0,4.0
515756,9.0,8.0,21.0,14.0,143.0,8.0,592.4,2.0,10.0
138748,1.0,4.0,47.0,3.0,87.0,6.0,,0.0,6.0
670571,10.0,9.0,11.0,5.0,150.0,7.0,4.1,1.0,9.0
404970,12.0,11.0,1.0,7.0,107.0,8.0,29.2,2.0,1.0
707941,5.0,4.0,15.0,3.0,126.0,7.0,,2.0,5.0
215357,6.0,9.0,27.0,3.0,106.0,4.0,,2.0,1.0
939315,9.0,8.0,34.0,0.0,61.0,2.0,8.3,2.0,10.0
23771,11.0,10.0,36.0,0.0,7.0,15.0,0.32,1.0,9.0
1065424,12.0,11.0,44.0,2.0,36.0,2.0,6.6,0.0,6.0
702947,9.0,8.0,13.0,7.0,79.0,7.0,56.2,1.0,9.0
405071,11.0,10.0,0.0,7.0,107.0,3.0,39.6,2.0,10.0
1170723,5.0,4.0,54.0,6.0,152.0,7.0,18.7,2.0,8.0
298887,6.0,5.0,34.0,6.0,67.0,3.0,45.64,2.0,1.0
606190,7.0,6.0,6.0,7.0,156.0,2.0,9.4,0.0,6.0
1082348,5.0,4.0,45.0,7.0,157.0,7.0,77.0,0.0,4.0
393976,6.0,5.0,18.0,4.0,65.0,8.0,23.7,2.0,0.0
690899,13.0,12.0,14.0,14.0,40.0,2.0,8.1,0.0,4.0
1066235,5.0,4.0,45.0,6.0,153.0,2.0,25.5,2.0,5.0
51041,2.0,5.0,31.0,3.0,89.0,6.0,,2.0,3.0
911265,7.0,6.0,32.0,0.0,22.0,7.0,22.4,2.0,10.0
901004,12.0,11.0,30.0,0.0,61.0,2.0,,2.0,8.0
742821,3.0,2.0,17.0,4.0,17.0,2.0,27.8,0.0,4.0
272077,12.0,11.0,34.0,6.0,69.0,12.0,,2.0,0.0
602562,10.0,9.0,6.0,7.0,84.0,7.0,62.3,0.0,6.0
500965,7.0,6.0,38.0,13.0,160.0,7.0,62.5,2.0,7.0
586457,13.0,12.0,5.0,6.0,152.0,2.0,6.3,0.0,6.0
1137722,7.0,6.0,51.0,4.0,82.0,7.0,62.6,1.0,9.0
894570,9.0,8.0,30.0,7.0,155.0,7.0,38.5,0.0,4.0
827174,6.0,5.0,24.0,16.0,130.0,2.0,36.1,2.0,3.0
350961,10.0,9.0,32.0,4.0,111.0,8.0,25.3,2.0,1.0
250692,9.0,8.0,25.0,6.0,114.0,8.0,252.3,0.0,4.0
1025007,3.0,2.0,41.0,16.0,130.0,7.0,23.3,1.0,9.0
218714,5.0,4.0,12.0,6.0,113.0,3.0,39.3,1.0,9.0
699410,12.0,11.0,13.0,6.0,151.0,2.0,,2.0,3.0
1176699,13.0,12.0,54.0,14.0,52.0,2.0,17.7,2.0,5.0
251521,11.0,10.0,21.0,6.0,114.0,12.0,,2.0,0.0
359913,12.0,11.0,8.0,4.0,111.0,12.0,,2.0,1.0
663101,6.0,5.0,10.0,14.0,159.0,7.0,58.1,0.0,4.0
27476,8.0,7.0,39.0,0.0,33.0,3.0,8.7,1.0,9.0
1145720,6.0,5.0,52.0,7.0,138.0,7.0,,2.0,7.0
789954,4.0,3.0,21.0,9.0,80.0,7.0,29.6,2.0,7.0
467444,11.0,10.0,22.0,11.0,35.0,7.0,39.4,2.0,3.0
601920,5.0,4.0,6.0,2.0,78.0,7.0,,2.0,8.0
1149490,5.0,4.0,52.0,0.0,19.0,1.0,4.8,2.0,8.0
323379,2.0,1.0,52.0,4.0,112.0,8.0,289.8,2.0,10.0
791177,12.0,11.0,21.0,3.0,54.0,7.0,75.7,2.0,10.0
42472,10.0,9.0,22.0,2.0,14.0,3.0,,0.0,6.0
370210,3.0,2.0,1.0,4.0,108.0,12.0,1080.0,0.0,6.0
392415,6.0,5.0,22.0,4.0,72.0,12.0,,2.0,10.0
95334,7.0,10.0,7.0,3.0,85.0,6.0,1732.0,2.0,3.0
355345,3.0,2.0,25.0,4.0,111.0,12.0,3506.0,0.0,4.0
167668,2.0,5.0,47.0,3.0,25.0,6.0,7.0,2.0,1.0
582465,8.0,7.0,4.0,6.0,154.0,2.0,,2.0,5.0
816177,6.0,5.0,24.0,0.0,19.0,1.0,7.1,2.0,5.0
239952,9.0,8.0,35.0,6.0,113.0,12.0,539.0,2.0,3.0
570770,4.0,3.0,4.0,6.0,148.0,2.0,,2.0,7.0
617158,6.0,5.0,7.0,6.0,154.0,2.0,,2.0,8.0
356555,7.0,6.0,43.0,4.0,109.0,3.0,105.9,2.0,10.0
1135325,9.0,8.0,51.0,6.0,81.0,2.0,,2.0,5.0
959668,7.0,6.0,36.0,7.0,138.0,2.0,74.7,2.0,3.0
78229,4.0,7.0,38.0,3.0,31.0,4.0,,0.0,4.0
320927,10.0,9.0,42.0,4.0,112.0,3.0,119.6,2.0,1.0
172122,0.0,3.0,28.0,3.0,25.0,6.0,8.0,2.0,1.0
222699,9.0,8.0,36.0,5.0,76.0,12.0,2287.0,1.0,9.0
533527,13.0,12.0,0.0,11.0,59.0,2.0,34.1,0.0,4.0
168288,0.0,3.0,54.0,3.0,24.0,6.0,5.0,2.0,0.0
1107832,3.0,2.0,49.0,0.0,61.0,2.0,,0.0,4.0
115930,4.0,7.0,31.0,3.0,86.0,4.0,83.6,2.0,1.0
103960,2.0,5.0,43.0,3.0,86.0,4.0,139.8,0.0,4.0
34255,12.0,11.0,34.0,2.0,14.0,8.0,14.9,2.0,10.0
565988,4.0,3.0,2.0,7.0,56.0,2.0,57.6,1.0,9.0
229216,5.0,4.0,42.0,5.0,116.0,8.0,95.5,2.0,3.0
922355,8.0,7.0,32.0,6.0,152.0,2.0,8.6,1.0,9.0
124512,7.0,10.0,33.0,3.0,26.0,5.0,26.2,1.0,9.0
842557,6.0,5.0,25.0,11.0,120.0,7.0,19.1,2.0,8.0
541559,4.0,3.0,0.0,0.0,22.0,7.0,18.0,2.0,10.0
1129879,10.0,9.0,50.0,7.0,2.0,2.0,,0.0,4.0
36351,12.0,11.0,28.0,2.0,14.0,8.0,9.1,2.0,10.0
295371,3.0,2.0,46.0,6.0,67.0,12.0,225316.0,2.0,3.0
951289,5.0,4.0,34.0,11.0,104.0,7.0,50.6,2.0,5.0
648814,4.0,3.0,9.0,7.0,138.0,2.0,76.4,0.0,4.0
534307,4.0,3.0,0.0,1.0,10.0,7.0,22.5,1.0,9.0
642171,7.0,6.0,9.0,1.0,10.0,7.0,30.1,0.0,4.0
1051968,8.0,7.0,43.0,13.0,185.0,7.0,52.9,2.0,7.0
337210,6.0,5.0,35.0,4.0,110.0,8.0,216.2,0.0,4.0
780319,8.0,7.0,20.0,0.0,20.0,10.0,,2.0,7.0
450300,9.0,8.0,2.0,11.0,102.0,7.0,,2.0,0.0
1123903,4.0,3.0,49.0,13.0,178.0,2.0,,1.0,9.0
511389,10.0,9.0,39.0,14.0,143.0,3.0,927.3,2.0,3.0
641948,3.0,2.0,9.0,14.0,39.0,7.0,,2.0,7.0
531555,13.0,12.0,0.0,4.0,77.0,2.0,,2.0,8.0
601045,10.0,9.0,6.0,7.0,46.0,2.0,,2.0,5.0
625053,10.0,9.0,8.0,1.0,12.0,7.0,,2.0,8.0
163147,4.0,7.0,45.0,3.0,24.0,6.0,9945.0,1.0,9.0
1022059,11.0,10.0,40.0,4.0,131.0,2.0,,2.0,3.0
261586,2.0,1.0,35.0,6.0,66.0,12.0,104012.0,0.0,6.0
737389,11.0,10.0,17.0,7.0,138.0,2.0,,2.0,5.0
597422,4.0,3.0,6.0,0.0,20.0,1.0,9.2,2.0,5.0
676676,7.0,6.0,13.0,2.0,15.0,7.0,,2.0,7.0
1157434,11.0,10.0,53.0,7.0,157.0,7.0,,2.0,5.0
665989,3.0,2.0,11.0,14.0,176.0,7.0,,2.0,5.0
866360,13.0,12.0,28.0,11.0,100.0,11.0,1.6,0.0,6.0
956019,4.0,3.0,35.0,2.0,15.0,7.0,,2.0,8.0
35531,11.0,10.0,29.0,2.0,14.0,3.0,,2.0,3.0
739239,7.0,6.0,17.0,1.0,10.0,2.0,39.8,2.0,7.0
721865,4.0,3.0,15.0,12.0,163.0,2.0,,2.0,8.0
940159,5.0,4.0,33.0,4.0,82.0,7.0,,2.0,7.0
512271,9.0,8.0,36.0,15.0,140.0,7.0,,1.0,9.0
144963,7.0,10.0,33.0,3.0,24.0,6.0,441.0,0.0,6.0
1135905,4.0,3.0,51.0,2.0,15.0,7.0,11.7,1.0,9.0
187663,0.0,3.0,14.0,3.0,91.0,5.0,28.7,2.0,10.0
688476,10.0,9.0,12.0,13.0,118.0,7.0,64.7,1.0,9.0
38086,5.0,4.0,26.0,2.0,14.0,12.0,36.0,2.0,3.0
961018,6.0,5.0,35.0,7.0,133.0,2.0,,2.0,3.0
779405,12.0,11.0,20.0,6.0,151.0,7.0,,2.0,5.0
904606,10.0,9.0,31.0,11.0,123.0,7.0,58.0,0.0,4.0
775887,3.0,2.0,20.0,1.0,0.0,2.0,43.9,2.0,7.0
1178243,11.0,10.0,54.0,14.0,52.0,7.0,35.6,2.0,8.0
95406,2.0,5.0,29.0,3.0,85.0,4.0,441.2,2.0,10.0
997465,7.0,6.0,39.0,10.0,16.0,7.0,17.5,1.0,9.0
928735,12.0,11.0,32.0,3.0,54.0,2.0,69.0,0.0,6.0
1036477,9.0,8.0,41.0,2.0,83.0,2.0,66.1,0.0,4.0
443172,2.0,1.0,13.0,7.0,73.0,3.0,418.26,2.0,3.0
995621,7.0,6.0,38.0,3.0,54.0,2.0,,1.0,9.0
86666,5.0,8.0,10.0,3.0,31.0,6.0,838.0,0.0,6.0
1111270,8.0,7.0,48.0,7.0,133.0,2.0,58.9,0.0,4.0
267718,4.0,3.0,20.0,6.0,69.0,8.0,12.57,2.0,3.0
1131699,13.0,12.0,51.0,1.0,129.0,2.0,20.2,1.0,9.0
621345,10.0,9.0,6.0,11.0,117.0,2.0,19.7,0.0,6.0
1027622,10.0,9.0,41.0,2.0,83.0,2.0,,2.0,5.0
11955,9.0,8.0,1.0,0.0,33.0,12.0,,2.0,1.0
608653,3.0,2.0,6.0,2.0,36.0,2.0,7.1,0.0,6.0
794018,12.0,11.0,21.0,7.0,133.0,2.0,,2.0,8.0
1043979,9.0,8.0,42.0,14.0,52.0,2.0,18.2,0.0,6.0
505024,5.0,4.0,42.0,14.0,143.0,3.0,274.3,2.0,1.0
160087,7.0,10.0,42.0,3.0,25.0,5.0,14.8,0.0,4.0
756786,9.0,8.0,19.0,6.0,152.0,2.0,10.9,0.0,6.0
190274,7.0,10.0,46.0,3.0,29.0,4.0,36.7,1.0,9.0
604275,3.0,2.0,5.0,9.0,80.0,2.0,38.1,0.0,6.0
405151,6.0,5.0,28.0,7.0,107.0,12.0,5671.0,2.0,10.0
1023657,3.0,2.0,41.0,7.0,58.0,2.0,,2.0,8.0
424625,7.0,6.0,47.0,7.0,115.0,12.0,,2.0,5.0
701592,5.0,4.0,13.0,16.0,135.0,2.0,68.5,0.0,4.0
762658,4.0,3.0,19.0,16.0,165.0,7.0,,2.0,8.0
236532,6.0,5.0,2.0,6.0,114.0,8.0,,2.0,0.0
392351,8.0,7.0,1.0,4.0,72.0,3.0,,2.0,0.0
680439,10.0,9.0,12.0,12.0,163.0,2.0,,2.0,3.0
447550,4.0,3.0,19.0,8.0,47.0,7.0,41.5,0.0,6.0
717953,13.0,12.0,16.0,14.0,170.0,1.0,3.0,2.0,8.0
916590,10.0,9.0,32.0,11.0,117.0,7.0,26.1,0.0,6.0
1085646,12.0,11.0,45.0,1.0,129.0,2.0,24.9,2.0,10.0
982513,11.0,10.0,37.0,7.0,156.0,7.0,12.2,1.0,9.0
1121686,12.0,11.0,49.0,1.0,13.0,2.0,,0.0,6.0
235155,4.0,3.0,29.0,6.0,113.0,3.0,118.9,0.0,6.0
491195,10.0,9.0,19.0,14.0,142.0,7.0,41.0,1.0,9.0
1161308,10.0,9.0,53.0,2.0,137.0,2.0,,2.0,7.0
1067298,10.0,9.0,44.0,6.0,151.0,2.0,10.6,2.0,3.0
1060095,9.0,8.0,43.0,4.0,63.0,2.0,23.2,2.0,10.0
751185,10.0,9.0,17.0,13.0,118.0,2.0,66.6,1.0,9.0
532051,13.0,12.0,1.0,7.0,58.0,7.0,,2.0,10.0
116707,2.0,5.0,15.0,3.0,26.0,5.0,27.1,0.0,4.0
32296,2.0,1.0,18.0,2.0,74.0,8.0,31.77,2.0,3.0
408978,6.0,5.0,7.0,7.0,107.0,3.0,22.1,2.0,10.0
883532,9.0,8.0,29.0,7.0,138.0,7.0,89.9,2.0,10.0
1051038,8.0,7.0,43.0,14.0,39.0,7.0,91.0,2.0,8.0
480214,8.0,7.0,41.0,12.0,71.0,3.0,16.18,0.0,4.0
532692,11.0,10.0,0.0,1.0,10.0,7.0,25.4,2.0,7.0
654396,8.0,7.0,10.0,14.0,176.0,7.0,87.4,2.0,3.0
13751,3.0,2.0,27.0,0.0,33.0,8.0,8.3,0.0,4.0
896918,12.0,11.0,29.0,9.0,80.0,2.0,,2.0,3.0
892037,8.0,7.0,30.0,12.0,163.0,7.0,46.1,0.0,4.0
371220,8.0,7.0,35.0,4.0,108.0,8.0,,2.0,0.0
746741,3.0,2.0,18.0,4.0,17.0,2.0,27.0,2.0,5.0
939607,3.0,2.0,33.0,2.0,132.0,2.0,38.1,0.0,4.0
738306,3.0,2.0,17.0,0.0,21.0,2.0,12.0,2.0,3.0
813977,3.0,2.0,23.0,6.0,152.0,2.0,14.7,2.0,3.0
323538,6.0,5.0,33.0,4.0,112.0,8.0,138.2,2.0,5.0
15208,11.0,10.0,0.0,0.0,33.0,12.0,58,2.0,10.0
322,12.0,11.0,8.0,0.0,4.0,7.0,30.2,2.0,5.0
699934,5.0,4.0,13.0,5.0,150.0,7.0,2.4,0.0,6.0
241211,2.0,1.0,30.0,6.0,113.0,8.0,,2.0,5.0
1126442,13.0,12.0,50.0,10.0,169.0,10.0,5.7,0.0,4.0
158936,4.0,7.0,23.0,3.0,25.0,4.0,11.2,2.0,5.0
747757,9.0,8.0,18.0,6.0,152.0,7.0,18.6,2.0,3.0
1074897,10.0,9.0,45.0,2.0,78.0,2.0,,2.0,7.0
1155214,6.0,5.0,52.0,1.0,11.0,2.0,31.2,2.0,10.0
36689,7.0,6.0,27.0,2.0,74.0,8.0,,1.0,9.0
629884,10.0,9.0,8.0,7.0,84.0,2.0,71.6,0.0,4.0
33313,9.0,8.0,7.0,2.0,14.0,12.0,,2.0,3.0
1161975,11.0,10.0,53.0,6.0,151.0,7.0,,2.0,8.0
802631,11.0,10.0,22.0,6.0,154.0,2.0,,2.0,8.0
955444,7.0,6.0,34.0,7.0,2.0,2.0,73.3,0.0,4.0
562235,12.0,11.0,2.0,7.0,186.0,2.0,63.6,0.0,6.0
544630,9.0,8.0,1.0,14.0,168.0,10.0,2.9,2.0,7.0
52292,1.0,4.0,0.0,3.0,89.0,5.0,2.4,2.0,0.0
242720,12.0,11.0,33.0,6.0,114.0,3.0,202.5,0.0,4.0
1105540,10.0,9.0,48.0,14.0,170.0,10.0,4.0,2.0,10.0
328348,4.0,3.0,28.0,4.0,110.0,3.0,197.6,2.0,0.0
396494,5.0,4.0,51.0,4.0,72.0,12.0,521.0,2.0,3.0
1152541,3.0,2.0,52.0,7.0,79.0,7.0,47.4,2.0,3.0
711833,6.0,5.0,14.0,4.0,131.0,2.0,,2.0,3.0
992967,5.0,4.0,38.0,14.0,39.0,7.0,,2.0,3.0
262745,8.0,7.0,23.0,6.0,68.0,12.0,13604.0,0.0,4.0
325972,4.0,3.0,23.0,4.0,112.0,12.0,30076.0,1.0,9.0
549931,7.0,6.0,1.0,11.0,104.0,7.0,57.0,2.0,7.0
227814,3.0,2.0,38.0,5.0,116.0,3.0,96.4,0.0,6.0
342383,8.0,7.0,37.0,4.0,110.0,3.0,229.1,2.0,10.0
653936,10.0,9.0,10.0,7.0,138.0,7.0,,2.0,7.0
370805,9.0,8.0,20.0,4.0,108.0,8.0,,2.0,0.0
710903,12.0,11.0,14.0,11.0,59.0,2.0,40.1,0.0,4.0
121506,5.0,8.0,42.0,3.0,88.0,5.0,124.8,2.0,10.0
254339,4.0,3.0,27.0,6.0,114.0,12.0,,2.0,3.0
717078,3.0,2.0,16.0,1.0,0.0,2.0,47.6,2.0,10.0
100715,6.0,9.0,37.0,3.0,85.0,6.0,10428.0,0.0,6.0
540629,11.0,10.0,0.0,2.0,132.0,7.0,,2.0,5.0
937638,3.0,2.0,33.0,7.0,45.0,7.0,6.9,2.0,8.0
910644,5.0,4.0,31.0,6.0,81.0,7.0,,2.0,7.0
1131799,4.0,3.0,51.0,7.0,155.0,2.0,,2.0,3.0
361363,9.0,8.0,31.0,4.0,111.0,8.0,135.3,0.0,4.0
344727,7.0,6.0,44.0,4.0,110.0,8.0,238.3,1.0,9.0
608138,5.0,4.0,6.0,1.0,10.0,2.0,21.1,1.0,9.0
655092,3.0,2.0,10.0,11.0,120.0,7.0,26.7,0.0,6.0
1147086,5.0,4.0,51.0,14.0,159.0,7.0,51.0,2.0,3.0
348168,6.0,5.0,27.0,4.0,111.0,8.0,,2.0,1.0
707492,12.0,11.0,14.0,3.0,54.0,7.0,55.1,2.0,5.0
888,12.0,11.0,25.0,0.0,33.0,12.0,,2.0,0.0
244092,11.0,10.0,45.0,6.0,114.0,12.0,17614.0,2.0,10.0
243012,4.0,3.0,42.0,6.0,114.0,8.0,267.4,2.0,10.0
936932,10.0,9.0,33.0,7.0,84.0,7.0,51.7,2.0,5.0
972588,3.0,2.0,37.0,6.0,134.0,7.0,67.9,1.0,9.0
224104,3.0,2.0,38.0,5.0,116.0,8.0,95.2,0.0,6.0
1132339,10.0,9.0,51.0,2.0,132.0,2.0,,2.0,3.0
380161,7.0,6.0,3.0,4.0,70.0,3.0,15.39,2.0,10.0
441407,5.0,4.0,28.0,7.0,73.0,8.0,325.44,2.0,0.0
278313,6.0,5.0,35.0,6.0,69.0,3.0,12.22,0.0,4.0
200828,1.0,4.0,34.0,3.0,29.0,4.0,54.3,0.0,6.0
126398,4.0,7.0,28.0,3.0,26.0,5.0,29.7,2.0,3.0
235165,7.0,6.0,36.0,6.0,113.0,3.0,35.4,2.0,5.0
1063252,3.0,2.0,45.0,2.0,15.0,7.0,8.5,2.0,10.0
358802,8.0,7.0,45.0,4.0,109.0,8.0,107.7,0.0,6.0
852791,11.0,10.0,27.0,4.0,77.0,2.0,28.8,2.0,10.0
897708,5.0,4.0,30.0,14.0,168.0,1.0,2.0,0.0,4.0
336546,12.0,11.0,12.0,4.0,109.0,8.0,,2.0,3.0
852121,10.0,9.0,26.0,10.0,16.0,7.0,,2.0,8.0
927793,13.0,12.0,33.0,1.0,129.0,2.0,24.5,2.0,10.0
906812,13.0,12.0,32.0,11.0,120.0,7.0,34.1,2.0,7.0
482143,5.0,4.0,18.0,12.0,147.0,7.0,65.0,2.0,5.0
48908,3.0,6.0,28.0,3.0,89.0,4.0,0.1,2.0,0.0
596825,8.0,7.0,5.0,13.0,5.0,7.0,10.1,0.0,6.0
1085640,7.0,6.0,45.0,7.0,158.0,7.0,,2.0,8.0
224484,2.0,1.0,24.0,5.0,116.0,8.0,80.7,0.0,6.0
1161126,3.0,2.0,53.0,2.0,15.0,7.0,,2.0,3.0
88575,2.0,5.0,4.0,3.0,86.0,4.0,130.9,0.0,4.0
1087199,4.0,3.0,45.0,14.0,52.0,7.0,23.8,2.0,3.0
453512,9.0,8.0,54.0,7.0,73.0,12.0,,1.0,9.0
386128,8.0,7.0,35.0,4.0,70.0,3.0,26.62,1.0,9.0
403738,5.0,4.0,2.0,4.0,72.0,12.0,4023.0,0.0,4.0
90872,7.0,10.0,52.0,3.0,31.0,6.0,638.0,1.0,9.0
481017,2.0,1.0,16.0,12.0,71.0,3.0,,2.0,1.0
189552,3.0,6.0,9.0,3.0,91.0,4.0,17.4,0.0,4.0
887780,5.0,4.0,29.0,2.0,78.0,2.0,50.8,1.0,9.0
1075229,4.0,3.0,44.0,14.0,159.0,7.0,,2.0,5.0
750346,8.0,7.0,18.0,6.0,151.0,2.0,8.8,0.0,6.0
470957,7.0,6.0,52.0,11.0,35.0,7.0,,0.0,4.0
446544,9.0,8.0,11.0,7.0,73.0,8.0,,2.0,0.0
460490,7.0,6.0,44.0,7.0,73.0,3.0,,0.0,4.0
30457,7.0,6.0,54.0,0.0,33.0,8.0,,2.0,3.0
591124,11.0,10.0,4.0,10.0,169.0,10.0,3.8,1.0,9.0
859915,6.0,5.0,27.0,2.0,83.0,7.0,67.0,0.0,4.0
158806,6.0,9.0,28.0,3.0,25.0,4.0,13.3,1.0,9.0
439996,9.0,8.0,8.0,7.0,73.0,8.0,,2.0,0.0
22686,2.0,1.0,22.0,0.0,128.0,13.0,2.5,1.0,9.0
902807,9.0,8.0,30.0,16.0,135.0,2.0,,2.0,8.0
503094,11.0,10.0,7.0,13.0,160.0,7.0,39.3,2.0,5.0
838225,3.0,2.0,25.0,14.0,170.0,10.0,,2.0,10.0
705828,10.0,9.0,15.0,0.0,20.0,1.0,,2.0,7.0
897741,7.0,6.0,30.0,1.0,12.0,2.0,26.3,2.0,8.0
523869,11.0,10.0,51.0,15.0,55.0,7.0,18.7,2.0,7.0
837633,13.0,12.0,26.0,14.0,168.0,1.0,2.7,1.0,9.0
1017929,3.0,2.0,40.0,2.0,78.0,2.0,21.5,1.0,9.0
1179496,5.0,4.0,54.0,4.0,77.0,2.0,18.9,0.0,6.0
487741,6.0,5.0,29.0,12.0,147.0,7.0,,2.0,1.0
1028198,8.0,7.0,41.0,4.0,131.0,7.0,,2.0,7.0
982074,12.0,11.0,36.0,2.0,15.0,7.0,,2.0,5.0
858490,9.0,8.0,26.0,11.0,117.0,7.0,33.2,1.0,9.0
621539,3.0,2.0,7.0,7.0,158.0,2.0,,2.0,8.0
300195,7.0,6.0,43.0,6.0,67.0,12.0,,2.0,1.0
413432,10.0,9.0,54.0,4.0,65.0,12.0,,2.0,5.0
333327,2.0,1.0,18.0,4.0,109.0,3.0,116.4,2.0,3.0
684865,5.0,4.0,12.0,6.0,149.0,2.0,45.1,2.0,8.0
1074474,9.0,8.0,44.0,14.0,159.0,7.0,65.0,2.0,5.0
902516,3.0,2.0,30.0,0.0,62.0,7.0,7.3,2.0,10.0
752687,6.0,5.0,18.0,13.0,118.0,7.0,73.8,2.0,5.0
365721,7.0,6.0,15.0,4.0,108.0,8.0,54.0,2.0,10.0
791226,10.0,9.0,21.0,1.0,12.0,2.0,17.2,2.0,5.0
716998,7.0,6.0,16.0,1.0,177.0,7.0,,2.0,8.0
835517,10.0,9.0,24.0,7.0,84.0,2.0,,2.0,3.0
747452,13.0,12.0,18.0,2.0,78.0,7.0,38.7,2.0,10.0
987027,5.0,4.0,38.0,6.0,148.0,7.0,,2.0,8.0
571760,7.0,6.0,4.0,1.0,177.0,7.0,20.0,2.0,8.0
802351,3.0,2.0,22.0,6.0,151.0,7.0,,2.0,5.0
345847,2.0,1.0,37.0,4.0,110.0,3.0,293.5,2.0,3.0
600507,6.0,5.0,5.0,16.0,41.0,7.0,,2.0,8.0
796711,8.0,7.0,21.0,2.0,78.0,2.0,38.4,2.0,3.0
1091657,3.0,2.0,47.0,16.0,135.0,7.0,,2.0,8.0
288784,6.0,5.0,22.0,6.0,67.0,8.0,,2.0,1.0
496729,7.0,6.0,5.0,14.0,143.0,8.0,519.0,1.0,9.0
737322,12.0,11.0,16.0,1.0,129.0,7.0,37.1,2.0,10.0
534068,11.0,10.0,0.0,7.0,157.0,7.0,,2.0,7.0
388646,3.0,2.0,35.0,4.0,70.0,3.0,24.47,1.0,9.0
1008062,5.0,4.0,39.0,2.0,36.0,7.0,12.6,0.0,4.0
463186,11.0,10.0,8.0,12.0,71.0,3.0,7.13,1.0,9.0
1122889,5.0,4.0,50.0,4.0,32.0,2.0,81.4,1.0,9.0
318871,4.0,3.0,17.0,4.0,110.0,3.0,158.5,2.0,10.0
76293,1.0,4.0,14.0,3.0,31.0,4.0,,2.0,0.0
855758,9.0,8.0,26.0,14.0,159.0,2.0,,2.0,3.0
873127,4.0,3.0,28.0,16.0,130.0,7.0,21.8,2.0,3.0
91516,3.0,6.0,34.0,3.0,85.0,5.0,3.8,2.0,0.0
514508,8.0,7.0,53.0,15.0,140.0,7.0,,2.0,5.0
643462,11.0,10.0,8.0,16.0,165.0,7.0,,2.0,7.0
812861,13.0,12.0,24.0,10.0,169.0,10.0,4.0,2.0,3.0
997850,4.0,3.0,39.0,11.0,117.0,2.0,31.3,2.0,8.0
723370,5.0,4.0,15.0,10.0,16.0,7.0,15.4,1.0,9.0
895096,5.0,4.0,30.0,14.0,170.0,1.0,4.9,2.0,3.0
174188,0.0,3.0,28.0,3.0,29.0,6.0,3194.0,0.0,6.0
162095,4.0,7.0,51.0,3.0,25.0,5.0,2.8,2.0,5.0
228170,12.0,11.0,51.0,5.0,116.0,12.0,290.0,2.0,5.0
710575,10.0,9.0,15.0,6.0,151.0,7.0,,2.0,7.0
397314,7.0,6.0,28.0,4.0,65.0,3.0,6.44,2.0,1.0
1032095,4.0,3.0,41.0,16.0,41.0,7.0,1.6,0.0,6.0
458719,10.0,9.0,22.0,11.0,173.0,14.0,7.3,1.0,9.0
635163,5.0,4.0,7.0,14.0,168.0,1.0,2.0,2.0,8.0
14274,6.0,5.0,52.0,0.0,4.0,7.0,52.8,2.0,3.0
698502,9.0,8.0,14.0,1.0,12.0,2.0,37.8,2.0,10.0
677155,7.0,6.0,12.0,2.0,132.0,2.0,37.3,0.0,4.0
311573,2.0,1.0,35.0,6.0,49.0,8.0,292.03,2.0,0.0
873292,9.0,8.0,27.0,14.0,176.0,7.0,84.3,2.0,5.0
762106,6.0,5.0,19.0,6.0,152.0,2.0,,2.0,7.0
856277,11.0,10.0,27.0,10.0,169.0,1.0,4.7,2.0,5.0
585616,8.0,7.0,4.0,7.0,156.0,2.0,10.3,0.0,6.0
782885,5.0,4.0,20.0,1.0,177.0,7.0,45.0,2.0,7.0
44995,4.0,3.0,8.0,2.0,14.0,8.0,,2.0,3.0
26769,7.0,6.0,34.0,0.0,7.0,15.0,0.70,1.0,9.0
295212,5.0,4.0,9.0,6.0,50.0,12.0,136496.0,1.0,9.0
96219,5.0,8.0,3.0,3.0,86.0,4.0,145.3,2.0,10.0
383816,10.0,9.0,54.0,4.0,108.0,3.0,,2.0,5.0
1073405,13.0,12.0,45.0,7.0,157.0,2.0,50.5,2.0,5.0
98808,1.0,4.0,30.0,3.0,85.0,6.0,4511.0,0.0,4.0
122401,1.0,4.0,38.0,3.0,88.0,4.0,124.0,2.0,10.0
19125,6.0,5.0,44.0,0.0,33.0,3.0,12.0,1.0,9.0
772946,6.0,5.0,20.0,4.0,136.0,7.0,77.3,2.0,10.0
979354,6.0,5.0,37.0,6.0,149.0,7.0,66.0,0.0,6.0
649726,5.0,4.0,9.0,10.0,16.0,7.0,17.5,2.0,10.0
1141518,8.0,7.0,51.0,2.0,132.0,7.0,43.3,0.0,4.0
131075,6.0,9.0,9.0,3.0,27.0,6.0,332.0,0.0,4.0
49552,5.0,8.0,46.0,3.0,89.0,4.0,7.1,2.0,5.0
243605,5.0,4.0,12.0,6.0,68.0,3.0,22.31,2.0,10.0
1168767,6.0,5.0,52.0,16.0,43.0,2.0,16.5,0.0,4.0
491475,7.0,6.0,54.0,12.0,147.0,7.0,52.8,0.0,4.0
1139499,10.0,9.0,50.0,14.0,40.0,2.0,,2.0,8.0
593418,5.0,4.0,5.0,7.0,2.0,7.0,,2.0,3.0
720119,10.0,9.0,15.0,13.0,5.0,7.0,10.5,2.0,10.0
187454,7.0,10.0,22.0,3.0,91.0,5.0,,2.0,1.0
828668,6.0,5.0,24.0,13.0,185.0,2.0,,2.0,5.0
152,9.0,8.0,3.0,7.0,115.0,12.0,118,1.0,9.0
729810,10.0,9.0,16.0,13.0,178.0,7.0,,2.0,5.0
1151860,7.0,6.0,52.0,5.0,150.0,7.0,1.5,0.0,6.0
660960,5.0,4.0,10.0,0.0,61.0,7.0,,2.0,8.0
497686,5.0,4.0,38.0,14.0,141.0,7.0,29.8,2.0,3.0
140067,1.0,4.0,6.0,3.0,87.0,4.0,5.9,2.0,10.0
940855,6.0,5.0,33.0,12.0,163.0,2.0,40.2,2.0,8.0
258893,6.0,5.0,33.0,6.0,66.0,3.0,210.27,0.0,6.0
264366,7.0,6.0,37.0,6.0,66.0,8.0,,2.0,1.0
370196,10.0,9.0,13.0,4.0,108.0,8.0,45.6,1.0,9.0
766536,7.0,6.0,19.0,10.0,16.0,7.0,15.8,1.0,9.0
1085313,4.0,3.0,45.0,12.0,163.0,7.0,47.1,2.0,10.0
1060457,3.0,2.0,43.0,6.0,149.0,2.0,71.2,2.0,8.0
208643,5.0,4.0,0.0,5.0,116.0,12.0,54.0,2.0,0.0
1088636,5.0,4.0,47.0,1.0,0.0,2.0,46.7,2.0,10.0
1169739,9.0,8.0,54.0,7.0,56.0,7.0,,2.0,3.0
618670,10.0,9.0,7.0,6.0,153.0,7.0,,2.0,5.0
817348,6.0,5.0,24.0,1.0,51.0,7.0,50.3,2.0,5.0
327370,11.0,10.0,54.0,4.0,112.0,3.0,242.7,0.0,6.0
977424,4.0,3.0,36.0,16.0,165.0,2.0,72.1,2.0,3.0
